{
	"pages": [ //pages数组中第一项表示应用启动页，参考：https://uniapp.dcloud.io/collocation/pages
		{
			"path": "pages/index/index",
			"style": {
				"app-plus": {
                    "scrollIndicator":"none",
                    "titleNView": {
                        "searchInput": {
                            "align":"left",
                            "backgroundColor":"#F7F7F7",
                            "borderRadius":"4px",
                            "placeholder":"",
                            "disabled": true,
                           
                            "placeholderColor":"#CCCCCC"
                        },
                        "buttons": [
                            {
                                "float":"left",
                                "text": "深圳",
                                "fontSize":"15px"
                            },
                            {
                                "color":"#989898",
                                "colorPressed":"#FD6801",
                                "float":"right",
                                "fontSize":"22px",
                                "fontSrc":"/static/font/iconfont.ttf",
                                "text": "\ue661"
                            }
                        ]
                    }
                }
			}
		},
        {
        	"path": "pages/cart/cart",
        	"style": {
                "navigationStyle":"custom",
        		"app-plus": {
                    "titleNView":false,
                    "bounce":"none",
                    "scrollIndicator":"none"
                    // "subNVues":[
                    //     {
                    //         "id":"navBar",
                    //         "path":"pages/cart/sub-nvue/nav-bar",
                    //         "type":"navigationBar"
                    //     }
                    // ]
                }
        	}
        },
        {
        	"path": "pages/class/class",
        	"style": {
        		"app-plus": {
        	        "scrollIndicator":"none",
                    "bounce":"none",
        	        "titleNView": {
        	            "searchInput": {
        	                "align":"left",
        	                "backgroundColor":"#F7F7F7",
        	                "borderRadius":"4px",
        	                "placeholder":"",
        	                "disabled": true,
        	               
        	                "placeholderColor":"#CCCCCC"
        	            },
        	            "buttons": [
        	                {
        	                    "color":"#989898",
        	                    "colorPressed":"#FD6801",
        	                    "float":"right",
        	                    "fontSize":"22px",
        	                    "fontSrc":"/static/font/iconfont.ttf",
        	                    "text": "\ue67a"
        	                }
        	            ]
        	        }
        	    }
        	}
        },
        {
        	"path": "pages/my/my",
        	"style": {
        		"app-plus":{
                    "titleNView": false,
                    "bounce":"none"
                }
        	}
        }
	    ,{
            "path" : "pages/search/search",
            "style": {
           	"app-plus": {
                   "scrollIndicator":"none",
                   "titleNView": {
                       "searchInput": {
                           "align":"left",
                           "backgroundColor":"#F7F7F7",
                           "borderRadius":"4px",
                           "placeholder":"",
                           "disabled": false,
                          
                           "placeholderColor":"#CCCCCC"
                       },
                       "buttons": [
                           {
                               "color":"#989898",
                               "colorPressed":"#FD6801",
                               "float":"right",
                               "fontSize":"15px",
                               "text": "搜索"
                           }
                       ]
                   }
               }
           }
        }
        ,{
            "path" : "pages/search-list/search-list",
            "style" : {
                "app-plus": {
                    "scrollIndicator":"none",
                    "titleNView": {
                        "searchInput": {
                            "align":"left",
                            "backgroundColor":"#F7F7F7",
                            "borderRadius":"4px",
                            "placeholder":"",
                            "disabled": true,
                           
                            "placeholderColor":"#CCCCCC"
                        },
                        "buttons": [
                            {
                                "color":"#989898",
                                "colorPressed":"#FD6801",
                                "float":"right",
                                "fontSize":"22px",
                                "fontSrc":"/static/font/iconfont.ttf",
                                "text": "\ue661"
                            }
                        ]
                    }
                }
            }
        }
        ,{
            "path" : "pages/detail/detail",
            "style" : {
                "app-plus":{
                    "scrollIndicator":"none",
                    "bounce":"none",
                    "titleNView":{
                        "type":"transparent",
                        "buttons":[
                            {
                                "type":"menu"
                                
                            }
                        ]
                    }
                }
            }
        }
        ,{
            "path" : "pages/detail-comment/detail-comment",
            "style" : {
                "navigationBarTitleText":"商品评价",
                "app-plus": {
                    "scrollIndicator":"none",
                    "bounce":"none"
                }
            }
        }
        ,{
            "path" : "pages/user-set/user-set",
            "style" : {
                "navigationBarTitleText":"用户设置",
                "app-plus":{
                    "bounce":"none"
                }
            }
        }
        ,{
            "path" : "pages/user-set/set/user-data/user-data",
            "style" : {
                "navigationBarTitleText":"我的资料",
                "app-plus":{
                    "bounce":"none"
                }
            }
        }
        ,{
            "path" : "pages/user-set/set/user-address/user-address",
            "style" : {
                "navigationBarTitleText":"收货地址",
                "app-plus":{
                    "bounce":"none",
                    "titleNView":{
                        "buttons":[
                            {
                                "float":"right",
                                "color":"#999999",
                                "colorPressed":"#BBBBBB",
                                "fontSrc":"/static/font/iconfont.ttf",
                                "text":"\ue626"
                            }
                        ]
                    }
                }
            }
        }
        ,{
            "path" : "pages/user-set/set/user-address/user-address-edit/user-address-edit",
            "style" : {
                "navigationBarTitleText":"修改收货地址",
                "app-plus":{
                    "bounce":"none",
                    "titleNView": {
                        "buttons": [
                            {
                                "float":"right",
                                "color":"#999999",
                                "colorPressed":"#BBBBBB",
                                "text": "删除",
                                "fontSize":"16px"
                            }
                        ]
                    }
                }
            }
        }
        ,{
            "path" : "pages/user-set/set/user-address/user-address-new/user-address-new",
            "style" : {
                "scrollIndicator": "none",
                "navigationBarTitleText":"新增收货地址",
                "app-plus":{
                    "bounce":"none",
                    "titleNView": {
                        "buttons": [
                            {
                                "float":"right",
                                "color":"#999999",
                                "colorPressed":"#BBBBBB",
                                "text": "提交",
                                "fontSize":"16px"
                            }
                        ]
                    }
                }
            }
        },
        {
            "path": "pages/selectCity/selectCity",
            "style": {
                "navigationBarTitleText":"选择城市"
            }
        }
        ,{
            "path" : "pages/order/order",
            "style" : {
                "navigationBarTitleText":"我的订单",
                "app-plus": {
                    "scrollIndicator":"none",
                    "titleNView":{
                        "buttons": [
                           {
                               "float":"right",
                               "color":"#999999",
                               "colorPressed":"#BBBBBB",
                               "fontSrc":"/static/font/iconfont.ttf",
                               "text": "\ue60c",
                               "fontSize":"15px"
                           },
                           {
                               "float":"right",
                               "color":"#999999",
                               "colorPressed":"#BBBBBB",
                               "fontSrc":"/static/font/iconfont.ttf",
                               "text": "\ue6e3",
                               "fontSize":"15px"
                           }
                        ]
                    }
                }
            }
        }
    ],
    // "condition":{
    //   "current":0,
    //   "list":[
    //       {
    //           "name":"text",
    //           "path":"pages/order/order"
    //       }
    //   ]
    // },
	"globalStyle": {
		"navigationBarTextStyle": "black",
		"navigationBarTitleText": "陌上青夏的商城",
		"navigationBarBackgroundColor": "#FFFFFF",
		"backgroundColor": "#FFFFFF"
	},
    "tabBar": {
        "backgroundColor":"#FFFFFF",
        "borderStyle":"black",
        "selectedColor":"#FD6801",
        "color":"#B1B1B1",
        "list":[
            {
                "pagePath":"pages/index/index",
                "iconPath":"static/image/tabbar/index.png",
                "selectedIconPath":"static/image/tabbar/indexSelected.png",
                "text":"首页"
            },
            {
                "pagePath":"pages/class/class",
                "iconPath":"static/image/tabbar/class.png",
                "selectedIconPath":"static/image/tabbar/classSelected.png",
                "text":"查询"
            },
            {
                "pagePath":"pages/cart/cart",
                "iconPath":"static/image/tabbar/cart.png",
                "selectedIconPath":"static/image/tabbar/cartSelected.png",
                "text":"购物车"
            },
            {
                "pagePath":"pages/my/my",
                "iconPath":"static/image/tabbar/my.png",
                "selectedIconPath":"static/image/tabbar/mySelected.png",
                "text":"我的"
            }
        ]
    }
}
